{"cameraMode":{"drawMode":0,"name":"Shaded","section":"Shading Mode"},"sceneLighting":true,"audioPlay":false,"sceneViewState":{"m_AlwaysRefresh":false,"showFog":true,"showSkybox":true,"showFlares":true,"showImageEffects":true,"showParticleSystems":true,"showVisualEffectGraphs":true,"m_FxEnabled":true},"in2DMode":false,"pivot":{"x":138.83380126953126,"y":134.74000549316407,"z":-173.6199951171875},"rotation":{"x":0.05823704972863197,"y":0.6777431964874268,"z":-0.053993597626686099,"w":0.7310237884521484},"size":3.0964272022247316,"orthographic":true}