{"cameraMode":{"drawMode":0,"name":"Shaded","section":"Shading Mode"},"sceneLighting":true,"audioPlay":false,"sceneViewState":{"m_AlwaysRefresh":false,"showFog":true,"showSkybox":true,"showFlares":true,"showImageEffects":true,"showParticleSystems":true,"showVisualEffectGraphs":true,"m_FxEnabled":true},"in2DMode":false,"pivot":{"x":131.24404907226563,"y":182.65093994140626,"z":-12.3201904296875},"rotation":{"x":0.05506572127342224,"y":-0.059277914464473727,"z":-0.0032752477563917639,"w":-0.9967235326766968},"size":201.11935424804688,"orthographic":false}