{"cameraMode":{"drawMode":0,"name":"Shaded","section":"Shading Mode"},"sceneLighting":true,"audioPlay":false,"sceneViewState":{"m_AlwaysRefresh":false,"showFog":true,"showSkybox":true,"showFlares":true,"showImageEffects":true,"showParticleSystems":true,"showVisualEffectGraphs":true,"m_FxEnabled":true},"in2DMode":false,"pivot":{"x":196.33619689941407,"y":140.69374084472657,"z":-138.7701416015625},"rotation":{"x":-0.016802428290247918,"y":0.027589863166213037,"z":-0.00046334112994372845,"w":-0.9994887113571167},"size":152.78860473632813,"orthographic":false}