{"cameraMode":{"drawMode":0,"name":"Shaded","section":"Shading Mode"},"sceneLighting":true,"audioPlay":false,"sceneViewState":{"m_AlwaysRefresh":false,"showFog":true,"showSkybox":true,"showFlares":true,"showImageEffects":true,"showParticleSystems":true,"showVisualEffectGraphs":true,"m_FxEnabled":true},"in2DMode":false,"pivot":{"x":-202.96749877929688,"y":95.19999694824219,"z":1087.0999755859375},"rotation":{"x":-0.09751085937023163,"y":0.023790104314684869,"z":0.004189776256680489,"w":-0.9955353736877441},"size":212.51161193847657,"orthographic":true}