{"cameraMode":{"drawMode":0,"name":"Shaded","section":"Shading Mode"},"sceneLighting":true,"audioPlay":false,"sceneViewState":{"m_AlwaysRefresh":false,"showFog":true,"showSkybox":true,"showFlares":true,"showImageEffects":true,"showParticleSystems":true,"showVisualEffectGraphs":true,"m_FxEnabled":true},"in2DMode":false,"pivot":{"x":281.4208984375,"y":127.34068298339844,"z":72.99781036376953},"rotation":{"x":-0.016538115218281747,"y":-0.9528483152389526,"z":0.29851052165031435,"w":-0.052629582583904269},"size":320.26885986328127,"orthographic":true}