{"cameraMode":{"drawMode":0,"name":"Shaded","section":"Shading Mode"},"sceneLighting":true,"audioPlay":false,"sceneViewState":{"m_AlwaysRefresh":false,"showFog":true,"showSkybox":true,"showFlares":true,"showImageEffects":true,"showParticleSystems":true,"showVisualEffectGraphs":true,"m_FxEnabled":true},"in2DMode":false,"pivot":{"x":13.600000381469727,"y":134.14999389648438,"z":-176.60000610351563},"rotation":{"x":-0.04657932370901108,"y":0.8517765402793884,"z":0.07686763256788254,"w":0.5161516070365906},"size":153.16110229492188,"orthographic":true}