{"cameraMode":{"drawMode":0,"name":"Shaded","section":"Shading Mode"},"sceneLighting":true,"audioPlay":false,"sceneViewState":{"m_AlwaysRefresh":false,"showFog":true,"showSkybox":true,"showFlares":true,"showImageEffects":true,"showParticleSystems":true,"showVisualEffectGraphs":true,"m_FxEnabled":true},"in2DMode":false,"pivot":{"x":137.16012573242188,"y":175.51148986816407,"z":-173.61614990234376},"rotation":{"x":0.10765952616930008,"y":0.7110294103622437,"z":-0.11161410063505173,"w":0.6858785152435303},"size":72.66529846191406,"orthographic":true}