{"cameraMode":{"drawMode":0,"name":"Shaded","section":"Shading Mode"},"sceneLighting":true,"audioPlay":false,"sceneViewState":{"m_AlwaysRefresh":false,"showFog":true,"showSkybox":true,"showFlares":true,"showImageEffects":true,"showParticleSystems":true,"showVisualEffectGraphs":true,"m_FxEnabled":true},"in2DMode":false,"pivot":{"x":-202.96749877929688,"y":95.19999694824219,"z":1087.0999755859375},"rotation":{"x":-0.10475989431142807,"y":0.1353459507226944,"z":-0.007809052709490061,"w":-0.9858134984970093},"size":169.39613342285157,"orthographic":true}