{"cameraMode":{"drawMode":0,"name":"Shaded","section":"Shading Mode"},"sceneLighting":true,"audioPlay":false,"sceneViewState":{"m_AlwaysRefresh":false,"showFog":true,"showSkybox":true,"showFlares":true,"showImageEffects":true,"showParticleSystems":true,"showVisualEffectGraphs":true,"m_FxEnabled":true},"in2DMode":false,"pivot":{"x":-109.80000305175781,"y":39.099998474121097,"z":-211.1999969482422},"rotation":{"x":0.03604106977581978,"y":-0.01718955487012863,"z":-0.0022100850474089386,"w":0.9997742176055908},"size":161.94456481933595,"orthographic":true}