{"cameraMode":{"drawMode":0,"name":"Shaded","section":"Shading Mode"},"sceneLighting":true,"audioPlay":false,"sceneViewState":{"m_AlwaysRefresh":false,"showFog":true,"showSkybox":true,"showFlares":true,"showImageEffects":true,"showParticleSystems":true,"showVisualEffectGraphs":true,"m_FxEnabled":true},"in2DMode":false,"pivot":{"x":-202.96749877929688,"y":95.19999694824219,"z":1087.0999755859375},"rotation":{"x":-0.1565379947423935,"y":-0.03976983577013016,"z":0.012619060464203358,"w":-0.9873877763748169},"size":258.5497131347656,"orthographic":true}