{"cameraMode":{"drawMode":0,"name":"Shaded","section":"Shading Mode"},"sceneLighting":true,"audioPlay":false,"sceneViewState":{"m_AlwaysRefresh":false,"showFog":true,"showSkybox":true,"showFlares":true,"showImageEffects":true,"showParticleSystems":true,"showVisualEffectGraphs":true,"m_FxEnabled":true},"in2DMode":false,"pivot":{"x":-136.41075134277345,"y":26.881393432617189,"z":-6.645157814025879},"rotation":{"x":-0.10771797597408295,"y":0.22121883928775788,"z":-0.027389368042349817,"w":-0.9693781137466431},"size":182.07899475097657,"orthographic":true}